{
  "n_problems": 20,
  "n_gates": 1,
  "n_positions": 11,
  "problem_labels": [
    "654+45=699",
    "196+525=721",
    "534+430=964",
    "646+979=1625",
    "880+196=1076",
    "603+174=777",
    "159+143=302",
    "318+163=481",
    "15+541=556",
    "431+463=894",
    "922+833=1755",
    "336+794=1130",
    "590+11=601",
    "982+560=1542",
    "333+612=945",
    "851+940=1791",
    "90+503=593",
    "638+49=687",
    "15+575=590",
    "891+335=1226"
  ],
  "gate_values": [
    [
      [
        0.011122752912342548,
        0.00973578542470932,
        0.00956224650144577,
        0.013371325097978115,
        0.0086315106600523,
        0.009868266992270947,
        0.021911341696977615,
        0.022892337292432785,
        0.03071959689259529,
        0.022917762398719788,
        0.06116555631160736
      ]
    ],
    [
      [
        0.009241338819265366,
        0.011170207522809505,
        0.009550994262099266,
        0.013367155566811562,
        0.008326898328959942,
        0.009721783921122551,
        0.013020724058151245,
        0.03732103854417801,
        0.0304592065513134,
        0.022322654724121094,
        0.05315613001585007
      ]
    ],
    [
      [
        0.010797858238220215,
        0.009130913764238358,
        0.009097703732550144,
        0.013382649049162865,
        0.008617299608886242,
        0.009543274529278278,
        0.011580816470086575,
        0.03696993738412857,
        0.03125367313623428,
        0.02314278669655323,
        0.053893569856882095
      ]
    ],
    [
      [
        0.011122752912342548,
        0.010509866289794445,
        0.008815886452794075,
        0.013368342071771622,
        0.008652024902403355,
        0.009730703197419643,
        0.014724597334861755,
        0.05866154283285141,
        0.018144678324460983,
        0.022991230711340904,
        0.0511283203959465
      ]
    ],
    [
      [
        0.01064810436218977,
        0.01055758073925972,
        0.008554068394005299,
        0.013395639136433601,
        0.007031355053186417,
        0.00972072035074234,
        0.013800086453557014,
        0.04659879207611084,
        0.016621889546513557,
        0.018865926191210747,
        0.052807532250881195
      ]
    ],
    [
      [
        0.011122752912342548,
        0.00886418018490076,
        0.008231822401285172,
        0.013386187143623829,
        0.007014682982116938,
        0.00970890000462532,
        0.014817384071648121,
        0.03568504750728607,
        0.031069882214069366,
        0.02153709903359413,
        0.04869912937283516
      ]
    ],
    [
      [
        0.009241338819265366,
        0.009710881859064102,
        0.0082041434943676,
        0.013385009951889515,
        0.00708778528496623,
        0.0098731629550457,
        0.013403256423771381,
        0.0371902771294117,
        0.02801346778869629,
        0.01901768334209919,
        0.04737048223614693
      ]
    ],
    [
      [
        0.010286436416208744,
        0.008907838724553585,
        0.007944967597723007,
        0.013393890112638474,
        0.007018608506768942,
        0.010123406536877155,
        0.013767415657639503,
        0.03198642656207085,
        0.030801143497228622,
        0.019737862050533295,
        0.053116243332624435
      ]
    ],
    [
      [
        0.009241338819265366,
        0.009710881859064102,
        0.011091025546193123,
        0.01157296635210514,
        0.008438863791525364,
        0.007550023961812258,
        0.01970224827528,
        0.02144365757703781,
        0.028991620987653732,
        0.0244729146361351,
        0.06116555631160736
      ]
    ],
    [
      [
        0.011314598843455315,
        0.00913055520504713,
        0.00697076041251421,
        0.013386061415076256,
        0.008557979948818684,
        0.010138177312910557,
        0.01367003284394741,
        0.03787830099463463,
        0.028880933299660683,
        0.022512231022119522,
        0.054194893687963486
      ]
    ],
    [
      [
        0.011249334551393986,
        0.010073024779558182,
        0.008953671902418137,
        0.01340654119849205,
        0.008268173784017563,
        0.009562384337186813,
        0.013597801327705383,
        0.06621421128511429,
        0.01991058513522148,
        0.02050657756626606,
        0.0520876944065094
      ]
    ],
    [
      [
        0.010286436416208744,
        0.009152362123131752,
        0.009004265069961548,
        0.013378787785768509,
        0.008203772827982903,
        0.009787242859601974,
        0.014731258153915405,
        0.04452838748693466,
        0.017322419211268425,
        0.014722179621458054,
        0.04870240017771721
      ]
    ],
    [
      [
        0.010797858238220215,
        0.011167453601956367,
        0.008670581504702568,
        0.013399598188698292,
        0.0070063406601548195,
        0.007841997779905796,
        0.020578324794769287,
        0.022887520492076874,
        0.027679070830345154,
        0.019708652049303055,
        0.06116555631160736
      ]
    ],
    [
      [
        0.011249334551393986,
        0.0105076739564538,
        0.009215034544467926,
        0.01340470276772976,
        0.008370593190193176,
        0.010195637121796608,
        0.011614669114351273,
        0.05970911681652069,
        0.018142808228731155,
        0.019632088020443916,
        0.05785970017313957
      ]
    ],
    [
      [
        0.010286436416208744,
        0.009152362123131752,
        0.008227022364735603,
        0.013397101312875748,
        0.008442102931439877,
        0.007883300073444843,
        0.013709396123886108,
        0.034394651651382446,
        0.03111722692847252,
        0.021170001477003098,
        0.046356040984392166
      ]
    ],
    [
      [
        0.01064810436218977,
        0.009764481335878372,
        0.0069602010771632195,
        0.013385644182562828,
        0.008662273176014423,
        0.009890307672321796,
        0.011635886505246162,
        0.0640006884932518,
        0.01950947940349579,
        0.020447080954909325,
        0.06296931207180023
      ]
    ],
    [
      [
        0.011249334551393986,
        0.008900068700313568,
        0.011103385128080845,
        0.011603521183133125,
        0.008037367835640907,
        0.009878937155008316,
        0.01962752267718315,
        0.0210836473852396,
        0.03074045665562153,
        0.020705226808786392,
        0.06116555631160736
      ]
    ],
    [
      [
        0.011122752912342548,
        0.009120453149080276,
        0.008133698254823685,
        0.013384480029344559,
        0.008528513833880424,
        0.009771247394382954,
        0.021119439974427223,
        0.0234057754278183,
        0.028646763414144516,
        0.021701471880078316,
        0.06116555631160736
      ]
    ],
    [
      [
        0.009241338819265366,
        0.009710881859064102,
        0.011091025546193123,
        0.01157296635210514,
        0.008248901925981045,
        0.009858016856014729,
        0.019789550453424454,
        0.021841030567884445,
        0.03037160634994507,
        0.021148299798369408,
        0.06116555631160736
      ]
    ],
    [
      [
        0.01064810436218977,
        0.011227071285247803,
        0.0070055341348052025,
        0.013386234641075134,
        0.007881257683038712,
        0.009519189596176147,
        0.013366950675845146,
        0.050664715468883514,
        0.01684943027794361,
        0.021647261455655098,
        0.051049526780843735
      ]
    ]
  ],